depth,path,prediction,samples,confidence
1,IF Q12 > 0.50,Passed,76,0.013157894736842105
1,IF Q12 <= 0.50,Failed,77,0.012987012987012988
